Cornflakes,Crunchy,Raisins,Coconut flakes,Cacao,Cinnamon,Vanilla,,,,,,,,,,
Oats,Cornflakes,Crunchy,Macadamia,Pecan nuts,Raisins,Cacao,Cinnamon,Dry fruit,,,,,,,,
Cornflakes,Crunchy,Almonds,Macadamia,Cashews,Chia seeds,Pumpkin seeds,Raisins,Coconut flakes,Cocoa beans,Protein powder,Cacao,Cinnamon,Vanilla,Dry fruit,,
Oats,Almonds,Walnuts,Cashews,Sunflower seeds,Pumpkin seeds,Raisins,Protein powder,Cinnamon,Vanilla,Dry fruit,,,,,,
Crunchy,Peanuts,Almonds,Walnuts,Cashews,Pumpkin seeds,Coconut flakes,Cacao,Cinnamon,Vanilla,,,,,,,
Oats,Cornflakes,Peanuts,Almonds,Walnuts,Pecan nuts,Cashews,Sunflower seeds,Raisins,Cacao,Cinnamon,Vanilla,Dry fruit,,,,
Cornflakes,Crunchy,Peanuts,Almonds,Macadamia,Pecan nuts,Chia seeds,Sunflower seeds,Pumpkin seeds,Raisins,Cacao,Vanilla,Dry fruit,,,,
Oats,Crunchy,Almonds,Walnuts,Macadamia,Pecan nuts,Chia seeds,Protein powder,Cacao,Cinnamon,Vanilla,Dry fruit,,,,,
Cornflakes,Crunchy,Almonds,Macadamia,Pecan nuts,Chia seeds,Sunflower seeds,Pumpkin seeds,Raisins,Coconut flakes,Cocoa beans,Protein powder,Cacao,Dry fruit,,,
Oats,Cornflakes,Crunchy,Peanuts,Chia seeds,Sunflower seeds,Pumpkin seeds,Raisins,Protein powder,Cacao,Cinnamon,Vanilla,Dry fruit,,,,
Cornflakes,Crunchy,Pecan nuts,Chia seeds,Sunflower seeds,Raisins,Coconut flakes,Protein powder,Dry fruit,,,,,,,,
Oats,Crunchy,Almonds,Walnuts,Macadamia,Sunflower seeds,Pumpkin seeds,Raisins,Cacao,Cinnamon,Dry fruit,,,,,,
Cornflakes,Crunchy,Peanuts,Walnuts,Cashews,Chia seeds,Raisins,Cacao,Cinnamon,Vanilla,Dry fruit,,,,,,
Crunchy,Peanuts,Pecan nuts,Cashews,Chia seeds,Sunflower seeds,Pumpkin seeds,Raisins,Coconut flakes,Cocoa beans,Protein powder,Cacao,Dry fruit,,,,
Cornflakes,Crunchy,Peanuts,Almonds,Walnuts,Macadamia,Pecan nuts,Cashews,Coconut flakes,Cacao,Cinnamon,Vanilla,,,,,
,,,,,,,,,,,,,,,,
Oats,Cornflakes,Macadamia,Pecan nuts,Chia seeds,Pumpkin seeds,Coconut flakes,Cocoa beans,Protein powder,Cinnamon,Dry fruit,,,,,,
Peanuts,Almonds,Macadamia,Cashews,Sunflower seeds,Coconut flakes,Cocoa beans,Cacao,Cinnamon,Vanilla,,,,,,,
Oats,Crunchy,Raisins,Cocoa beans,Cacao,Cinnamon,Vanilla,Dry fruit,,,,,,,,,
Oats,Cornflakes,Crunchy,Almonds,Walnuts,Macadamia,Pecan nuts,Cashews,Pumpkin seeds,Raisins,Coconut flakes,Cocoa beans,Protein powder,Vanilla,Dry fruit,,
Oats,Cornflakes,Crunchy,Peanuts,Almonds,Walnuts,Macadamia,Pecan nuts,Chia seeds,Sunflower seeds,Pumpkin seeds,Raisins,Coconut flakes,Cocoa beans,Protein powder,Cacao,Vanilla
Oats,Cornflakes,Crunchy,Peanuts,Macadamia,Pecan nuts,Cashews,Raisins,Protein powder,Cinnamon,Vanilla,,,,,,
Oats,Cornflakes,Crunchy,Chia seeds,Pumpkin seeds,Raisins,Coconut flakes,Cocoa beans,Cacao,Cinnamon,Vanilla,Dry fruit,,,,,
