Oats,Coconut flakes,Protein powder,Vanilla,Dry fruit,,,,,,,,,,,
Crunchy,Almonds,Walnuts,Macadamia,Chia seeds,Raisins,Cacao,Dry fruit,,,,,,,,
Almonds,Macadamia,Sunflower seeds,Pumpkin seeds,Coconut flakes,Cacao,Cinnamon,,,,,,,,,
Cornflakes,Crunchy,Peanuts,Raisins,Coconut flakes,Cocoa beans,Cinnamon,Vanilla,,,,,,,,
Cashews,Sunflower seeds,Raisins,Protein powder,Vanilla,,,,,,,,,,,
Oats,Chia seeds,Sunflower seeds,Pumpkin seeds,Raisins,Protein powder,Cacao,Cinnamon,Vanilla,Dry fruit,,,,,,
Cornflakes,Almonds,Cashews,Sunflower seeds,Raisins,Vanilla,Dry fruit,,,,,,,,,
Oats,Cornflakes,Walnuts,Macadamia,Raisins,Dry fruit,,,,,,,,,,
Cornflakes,Peanuts,Pecan nuts,Cashews,Raisins,Protein powder,Vanilla,,,,,,,,,
Cashews,Cacao,,,,,,,,,,,,,,
Oats,Walnuts,Cashews,Cinnamon,Dry fruit,,,,,,,,,,,
Peanuts,Pecan nuts,Chia seeds,Dry fruit,,,,,,,,,,,,
Cornflakes,Crunchy,Almonds,Walnuts,Cashews,Dry fruit,,,,,,,,,,
Almonds,Walnuts,Raisins,Cocoa beans,Vanilla,Dry fruit,,,,,,,,,,
Cornflakes,Crunchy,Macadamia,Pecan nuts,Sunflower seeds,Pumpkin seeds,Raisins,Coconut flakes,Cacao,,,,,,,
Peanuts,Almonds,Walnuts,Coconut flakes,Cacao,Cinnamon,,,,,,,,,,
Crunchy,Almonds,Pecan nuts,Sunflower seeds,Pumpkin seeds,Vanilla,Dry fruit,,,,,,,,,
Cocoa beans,,,,,,,,,,,,,,,
Cashews,Coconut flakes,Cocoa beans,,,,,,,,,,,,,
Cornflakes,Almonds,Macadamia,Protein powder,Cacao,Cinnamon,Vanilla,,,,,,,,,
Oats,Peanuts,Walnuts,Pecan nuts,Cashews,Cinnamon,Dry fruit,,,,,,,,,
Cornflakes,Crunchy,Macadamia,Raisins,Dry fruit,,,,,,,,,,,
,,,,,,,,,,,,,,,
Crunchy,Almonds,Walnuts,Macadamia,Pecan nuts,Cashews,Pumpkin seeds,Raisins,Coconut flakes,Dry fruit,,,,,,
,,,,,,,,,,,,,,,
Crunchy,Cashews,Pumpkin seeds,,,,,,,,,,,,,
Oats,Crunchy,Macadamia,Pecan nuts,Raisins,Cacao,Vanilla,Dry fruit,,,,,,,,
Oats,Crunchy,Almonds,Walnuts,Macadamia,Pecan nuts,Chia seeds,Raisins,Protein powder,Cacao,Cinnamon,Vanilla,Dry fruit,,,
Oats,Cornflakes,Crunchy,Chia seeds,Pumpkin seeds,Raisins,Coconut flakes,Cinnamon,Vanilla,Dry fruit,,,,,,
Cornflakes,Crunchy,Raisins,Coconut flakes,Cocoa beans,Cacao,Cinnamon,Vanilla,Dry fruit,,,,,,,
Cornflakes,Crunchy,Peanuts,Almonds,Walnuts,Macadamia,Pecan nuts,Cashews,Coconut flakes,Cacao,Cinnamon,Vanilla,,,,
Oats,Chia seeds,Sunflower seeds,Pumpkin seeds,Raisins,Protein powder,Cacao,Cinnamon,Vanilla,Dry fruit,,,,,,
Cornflakes,Almonds,Cashews,Sunflower seeds,Raisins,Cacao,Cinnamon,Vanilla,Dry fruit,,,,,,,
Cornflakes,Pecan nuts,Cashews,Raisins,Cinnamon,Dry fruit,,,,,,,,,,
Oats,Crunchy,Peanuts,Almonds,Walnuts,Macadamia,Pecan nuts,Chia seeds,Sunflower seeds,Pumpkin seeds,Raisins,Coconut flakes,Cocoa beans,Protein powder,Cacao,Vanilla
Cornflakes,Raisins,Coconut flakes,Cacao,Cinnamon,Vanilla,,,,,,,,,,
Cornflakes,Crunchy,Macadamia,Raisins,Coconut flakes,Cacao,Cinnamon,Vanilla,,,,,,,,
Oats,Crunchy,Almonds,Pecan nuts,Chia seeds,Coconut flakes,Cacao,Cinnamon,Dry fruit,,,,,,,
Oats,Crunchy,Raisins,Cocoa beans,Cacao,Cinnamon,Vanilla,Dry fruit,,,,,,,,
Cornflakes,Crunchy,Walnuts,Coconut flakes,Cacao,Cinnamon,Vanilla,,,,,,,,,
Crunchy,Almonds,Walnuts,Macadamia,Sunflower seeds,Pumpkin seeds,Raisins,Cacao,Cinnamon,Dry fruit,,,,,,
Crunchy,Almonds,Sunflower seeds,Pumpkin seeds,Raisins,Vanilla,Dry fruit,,,,,,,,,
Cocoa beans,,,,,,,,,,,,,,,
Crunchy,Chia seeds,Raisins,Protein powder,Dry fruit,,,,,,,,,,,
Crunchy,Almonds,Cacao,,,,,,,,,,,,,
